nama_distributor,tipe_pajak
ACER SERVICE CENTER/HSNI YOGYAKARTA,NON PPN
ADINDA COMPUTER,NON PPN
AGRES INFO TEKNOLOGI,PPN
AMIN HIDAYAT,NON PPN
AMIR HIDAYAT,NON PPN
ANDALAS,NON PPN
ANUGRAH JAYA MANDIRI,NON PPN
ARBI DAFFA FIRDAUS,NON PPN
ASIA GLOBAL SUKSESINDO,PPN
ASIA RAYA,NON PPN
ASUS,NON PPN
ASUS SERVICE CENTER,NON PPN
AXIOO CARE PLATINUM,NON PPN
BENQ INDONESIA,PPN
BINTANG MAS REZEKI NUSANTARA,PPN
BIRRU KOMPUTER,NON PPN
BROTHER,NON PPN
CAHAYA MEGAH DISTRIBUSI,NON PPN
CHANNEL,NON PPN
CHIPS SMART,NON PPN
CJS COMPUTER,NON PPN
CONECT MEDIA NETWORK,NON PPN
CROWN,NON PPN
CV ADATA XPG YOGYAKARTA,PPN
CV ALAMTARA INDONESIA,PPN
CV ASTECH MAJU PERSADA,PPN
CV ATLANTA,PPN
CV AUDIO DIGITAL JAYA,PPN
CV BERKAH LAPAK UTAMA,NON PPN
CV BUMINET PRAKARSA,PPN
CV CAHAYA SINAR MULIA,PPN
CV CAROLIN FURNINDO,PPN
CV CENTURIS DIGITAL MEDIA,PPN
CV COMPUTA,PPN
CV CONCEPT SHOP,PPN
CV DB KLIK,PPN
CV DUTA SARANA SEJAHTERA,PPN
CV FAHANA CITRA,PPN
CV FAJAR AIRCON CENTRE,PPN
CV FALAH MANDIRI,PPN
CV GLOBAL SOLUSI,PPN
CV GOLDEN SOUND ELECTRONIC,PPN
CV HARTONO MITRA AUDIO,PPN
CV HARTONO SOLUSI AUDIO,PPN
CV JABA MITRA NUSANTARA,PPN
CV JAYA MANDIRI TECHNOLOGY,PPN
CV JAYA SEJAHTERA TEKNO,PPN
CV JAYA UTAMA SUKSES,PPN
CV JAYANADA,PPN
CV JOGLOSEMAR MEDIA TECHNOLOGY,PPN
CV KANA,PPN
CV M21 ARTHA SEJAHTERA,PPN
CV MAHAKARYA SENTOSA,PPN
CV MEGA TRIKARSA INDOTAMA,PPN
CV MENTARI JAYA MAKMUR,NON PPN
CV MITRA INDEXINDO PRATAMA,NON PPN
CV MITRA NUSANTARA KOMPUTER,PPN
CV MULTI KARYA SUKSES,PPN
CV OKEY MEGAH PERKASA,NON PPN
CV PLATINUM COMPUTAMA,PPN
CV PLATINUM COMPUTINDO,PPN
CV POINT PLUS,PPN
CV RAHARJA SEJAHTERA,PPN
CV RAJAWALI BINA MAJU,PPN
CV SARANA CIPTA KOMPUTER,PPN
CV SARANA DUTA SOLUSINDO,PPN
CV SELALU ADA SOLUSI,PPN
CV SEMESTA JAYA COMPUTINDO,PPN
CV SEMITRA ADA SOLUSI,PPN
CV SINAR ABADI MULTIMEDIA,PPN
CV STAR COMPUTER,NON PPN
CV STAR MEDIA COMPUTAMA,PPN
CV SUBUR JAYA PERKASA,PPN
CV SUKSES SEJATI COMPUTAMA,PPN
CV SUMBER CAHAYA,PPN
CV SURYA ABADI,PPN
CV SURYA GEMILANG,PPN
CV SURYA MANDIRI PURNAMASIDI,PPN
CV TOP DISTRIBUSI,PPN
CV TUJUH ENAM KOMPUTER,PPN
CV TUNAS UTAMA,PPN
CV TUNGGAL OPTI PERSADA,PPN
CV VICMIC INDONESIA,PPN
CV X-COM MEDIA,NON PPN
CV YESTOYA ABADI,PPN
CV. VE NUSANTARA,NON PPN
DAN'S CMPUTER,NON PPN
DAZZLE,NON PPN
DIGISOFT COMPUTER POINT,NON PPN
DISCOUNT NOTEBOOK,NON PPN
DOT PRINT,NON PPN
DUNIA DIGITAL,NON PPN
DUNIA DIGITAL JAYA,NON PPN
EVERTECH,NON PPN
F&M COMPUTER,NON PPN
FANTECH,PPN
FITRIANINGSIH,NON PPN
FIXPRINT,NON PPN
FOXHOUND TEKNOLOGI NUSANTARA,PPN
GALAKSI INTI TEKNOLOGI,NON PPN
IMPERION COMPUTER,NON PPN
INDOLISTRIK,NON PPN
INDONESIA SPAREPART NOTEBOOK,NON PPN
JAYA BERSAMA,NON PPN
JOGJA FIBER OPTIK,NON PPN
JOGJA ROBOTIKA,NON PPN
JOY PRINT,NON PPN
JUAL ARDUINO,NON PPN
KENZO KOMPUTER,NON PPN
KHATULISTIWA,NON PPN
M FEBRIHONO,NON PPN
MAHKOTA COMPUTER,NON PPN
MITRA NUSANTARA KOMPUTER,PPN
MSI INDONESIA,NON PPN
MULTI SARANA HANDAYANI,NON PPN
MULTIPRO.ID,PPN
NANDITA PUTRI,NON PPN
OMEGA,NON PPN
PLASMA,NON PPN
PT 3 POWER,PPN
PT ABDITAMA GRAHA INTERNUSA,PPN
PT ACER INDONESIA,PPN
PT ADAKOM INTERNATIONAL TECHNOLOGY,PPN
PT AGRES INFO TEKNOLOGI,PPN
PT AGRES SEMARANG TEKNOLOGI,PPN
PT AKAR DAYA,PPN
PT ANDARU PRIMA HARSA,PPN
PT ANEKA SAKTI BAKTI (ASABA),PPN
PT ARTHA SURYA KOMUNIKA,PPN
PT ASIA GLOBAL SUKSESINDO,PPN
PT ASIAMAS TEKNOLOGI GROSIRIA,PPN
PT ASPIRASI HIDUP INDONESIA TBK,PPN
PT ASTRINDO SENAYASA,PPN
PT ASTRINDO STARVISION,PPN
PT ATAKRIB GROUP,PPN
PT BANGGA TEKNOLOGI INDONESIA,PPN
PT BARDI SOLUSI OTOMATIS,PPN
PT BARES JAYA MANDIRI,PPN
PT BEST FORTUNE INDONESIA,NON PPN
PT BINTANG MAS REZEKI NUSANTARA,PPN
PT BIOMETRIK CITRA MERAPI,PPN
PT CENTRAL CIPTA KEMAKMURAN,PPN
PT CIPTA AGUNG LESTARI,PPN
PT CITRAWEB SOLUSI TEKNOLOGI,PPN
PT DATASCRIP,PPN
PT DATASTOR SOLUSI INTEGRASI,PPN
PT DENKA PRATAMA INDONESIA,PPN
PT DIGISOFT PRATAMA,PPN
PT DIGITAL TEKNOLOGI GLOBAL,PPN
PT DINAMIKA GUNA SARANA,PPN
PT DINAMIKA PERKASA JAYA,PPN
PT DISTRIBUTOR GADGET INDONESIA,PPN
PT DORAN SUKSES INDONESIA,PPN
PT DRAGON COMPUTER & COMMUNICATION,PPN
PT ECS INDOJAYA,PPN
PT EKA PRATAMA UNGGUL,PPN
PT ELMI CAHYA CENDIKIA,PPN
PT EMEDIA DEVICES,PPN
PT EPSON INDONESIA,PPN
PT ERADATA SEJAHTERA,PPN
PT EVOLUSI VISI GEMILANG,NON PPN
PT FESTINO,PPN
PT FOXHOUND TEKNOLOGI NUSANTARA,PPN
PT GALVA TECHNOLOGIES TBK,PPN
PT GEIC JAYA LESTARI,PPN
PT GLOBAL DANAPATI NIAGA,PPN
PT GOLDWIN TRITAMA INTERNASIONAL,PPN
PT GREAT PRIMA LESTARI,PPN
PT HARRISMA BUWANA JAYA,PPN
PT HETERO NIAGA GLOBAL,PPN
PT HOME CENTER INDONESIA RETAIL,NON PPN
PT ILUFA ABADI INDONESIA,PPN
PT IMAGO INOVASI INDONESIA,PPN
PT INDO PRIMA AKSES,PPN
PT INFOKOM PUTRA KENCANA,PPN
PT INOVASI TEKNOLOGI CEMERLANG,NON PPN
PT INTECH SURYA ABADI,NON PPN
PT IS PRATAMA ABADI,PPN
PT JAYA BERSAMA COMPUTER,NON PPN
PT JAYA PRATAMA COMPUTINDO,NON PPN
PT JAYACOM ALPHA ELECTRONIC,PPN
PT JOGJA DUTA CAHAYA LESTARI,PPN
PT KHARISMA INSIDE MANDIRI SEJAHTERA,PPN
PT KUSUMOMEGAH JAYASAKTI,NON PPN
PT LG ELECTRONICS INDONESIA,PPN
PT MAXIMA SURYA ABADI,PPN
PT MCTEK INNOVATION,PPN
PT MEGATRADING DISTRIBUSI INDOTAMA,PPN
PT MEGATRONIK NETWORK SYSTEM,NON PPN
PT MENYANAN JAYA LESTARI,PPN
PT MULTI SARANA COMPUTER,PPN
PT MUTU ANUGERAH PERSADA,NON PPN
PT NUSANTARA JAYA TEKNOLOGI,PPN
PT OMEGAINDO SEJAHTERA ABADI,PPN
PT PANCA PUTRA SOLUSINDO,PPN
PT POWER DEVELOP INDONESIA,NON PPN
PT PRIMA ABADI BERSAHABAT,PPN
PT RADIAN JAYA PRATAMA,PPN
PT RAKA PERKASA TEKNOLOGI,PPN
PT RAYA PERSADA SOLUSINDO,NON PPN
PT RETAIL SOLUTION,NON PPN
PT SADAR JAYA MANDIRI,PPN
PT SAMAFITRO,PPN
PT SAMOTO MEGA TEKNOLOGI,PPN
PT SANTOSO ADHI SEJAHTERA,PPN
PT SANUR PRO INDO TEKNOLOGI,PPN
PT SARANA MITRA ERAGLOBAL,PPN
PT SARANA SOLUSINDO SEJATI,PPN
PT SATUTEMPAT IDEAL GEMILANG,PPN
PT SEMPURNA SEJAHTERA KOMPUTINDO,PPN
PT SETIA HARAPAN COMPUTER,PPN
PT SHINSHE TEKNO INDONESIA,NON PPN
PT SINAR SEJAHTERA MANDIRI,PPN
PT SINYO BERDIKARI SUKSES,PPN
PT SISTECH KHARISMA,PPN
PT SMARTINDO INTEGRASI SYSTEM,PPN
PT SUKA MAJU GEMILANG,PPN
PT SURYA ARTHA KOMPUTAMA,PPN
PT SURYA CANDRA,PPN
PT SURYA MAKMUR KREASINDO,PPN
PT SYNNEX METRODATA INDONESIA,PPN
PT TAN ENERGY INDONESIA,PPN
PT TECH DATA ADVANCED SOLUTIONS INDONESIA,PPN
PT TEKNO MANDIRI ABADI,NON PPN
PT TEKUN JAYA UTAMA,PPN
PT TELETAMA ARTHA MANDIRI,PPN
PT TERA DATA INDONUSA TBK,PPN
PT TIXPRO INFORMATIKA MEGAH,PPN
PT TOA GALVA PRIMA KARYA,PPN
PT TOTAL SENTRA PRATAMA,NON PPN
PT TRIPERWIRA MULTI PAMENANG,PPN
PT TRITUNGGAL JAYA KOMPUTINDO,PPN
PT UTAMA RACKINDO SEMESTA,PPN
PT VARRO SUKSES ABADI,PPN
PT WAHANA PIRANTI GUNA,PPN
PT WISNO GRAHAKOM,PPN
PT WOOK GLOBAL TECHNOLOGY,NON PPN
REX COMPUTER,NON PPN
RUMAH HT,NON PPN
RUS COMP,NON PPN
SANUR MULTIMEDIA,NON PPN
SC COMPUTER,NON PPN
SCREEN SOLUTION,NON PPN
SELALU ADA SOLUSI,PPN
SHOPEE,NON PPN
SINAR UTAMA BATTERY,NON PPN
SJN COMPUTER,NON PPN
SMART VISION,NON PPN
SME,NON PPN
SOLUTION,NON PPN
SUN PRIMA,NON PPN
SUPARJO COMPUTER,NON PPN
SURYA ARTHA KOMPUTAMA,PPN
SYAFI KOMPUTER,NON PPN
TALENTA,NON PPN
TAMAN BUNGA,NON PPN
TOKOPEDIA,NON PPN
TOSSCA COMPUTAMA,NON PPN
TUNAS MEKAR,NON PPN
UNIVERSAL TEKNO COMPUTINDO,NON PPN
UTAMA COMPUTER,NON PPN
WPG NO FP,NON PPN
YOGYA TEKNIK,NON PPN
YOGYATEKNIK,PPN
YOUNGS COMP,NON PPN
